{
    "fov": 2,
    "keybind": 164,
    "trigger_mode": "hold",
    "min_shooting_delay_ms": 25.0,
    "max_shooting_delay_ms": 35.0,
    "fps": 200.0,
    "enable_random_press_duration": true,
    "press_duration_min_s": 0.5,
    "press_duration_max_s": 0.55,
    "block_movements": true,
    "use_gpu": true,
    "aim_lock_enabled": true,
    "aim_lock_mode": "toggle",
    "aim_lock_keybind": 86,
    "aim_lock_toggle_key": "V",
    "aim_lock_strength": 38,
    "aim_lock_scan_area_x": 16,
    "aim_lock_scan_area_y": 10,
    "aim_lock_debug_mode": false,
    "aim_lock_adaptive_scan": true,
    "aim_lock_tolerance": 45,
    "aim_lock_refresh_rate": 240,
    "shortcut_key": "F6"
}